{"Loss": 0.156990647315979, "_timestamp": 1704361151.4065142, "_runtime": 40.59798812866211, "_step": 69, "_wandb": {"runtime": 40}}