{"Loss": 5.2876152992248535, "_timestamp": 1704279680.3119497, "_runtime": 29.886282682418823, "_step": 3, "_wandb": {"runtime": 29}}