{"Loss": 0.45025870203971863, "_timestamp": 1704847631.7930472, "_runtime": 59.00465726852417, "_step": 99, "_wandb": {"runtime": 60}}